{
  "run": [
    {
      "filePath": "/Worklist/webapp/index.html",
      "previewMode": 1,
      "dataMode": 1,
      "workspace": "withoutWorkspace",
      "urlParameters": [
        {
          "paramName": "",
          "paramValue": "",
          "paramActive": false
        },
        {
          "paramName": "",
          "paramValue": "",
          "paramActive": false
        }
      ],
      "hashParameter": "",
      "ui5ActiveVersion": "snapshot",
      "ui5VerSource": null,
      "isDefaultVersion": 1,
      "_metadata": {
        "id": "795371",
        "runnerId": "webapprunner",
        "displayName": "App",
        "lastRunTimeStamp": 1614210570274
      }
    },
    {
      "filePath": "/Worklist/webapp/test/mockServer.html",
      "previewMode": 1,
      "dataMode": 1,
      "workspace": "withoutWorkspace",
      "urlParameters": [
        {
          "paramName": "",
          "paramValue": "",
          "paramActive": false
        },
        {
          "paramName": "",
          "paramValue": "",
          "paramActive": false
        }
      ],
      "hashParameter": "",
      "ui5ActiveVersion": "snapshot",
      "ui5VerSource": null,
      "isDefaultVersion": 1,
      "_metadata": {
        "id": "8334924",
        "runnerId": "webapprunner",
        "displayName": "App (Mock Server)"
      }
    },
    {
      "filePath": "/Worklist/webapp/test/unit/unitTests.qunit.html",
      "previewMode": 1,
      "dataMode": 1,
      "workspace": "withoutWorkspace",
      "ui5ActiveVersion": "snapshot",
      "ui5VerSource": null,
      "isDefaultVersion": 1,
      "urlParameters": [
        {
          "paramName": "",
          "paramValue": "",
          "paramActive": false
        },
        {
          "paramName": "",
          "paramValue": "",
          "paramActive": false
        }
      ],
      "_metadata": {
        "id": "2136370",
        "runnerId": "webapprunner",
        "displayName": "Unit Tests"
      }
    },
    {
      "filePath": "/Worklist/webapp/test/integration/opaTests.qunit.html",
      "previewMode": 1,
      "dataMode": 1,
      "workspace": "withoutWorkspace",
      "ui5ActiveVersion": "snapshot",
      "ui5VerSource": null,
      "isDefaultVersion": 1,
      "urlParameters": [
        {
          "paramName": "",
          "paramValue": "",
          "paramActive": false
        },
        {
          "paramName": "",
          "paramValue": "",
          "paramActive": false
        }
      ],
      "hashParameter": "",
      "_metadata": {
        "id": "2995744",
        "runnerId": "webapprunner",
        "displayName": "OPA Tests"
      }
    },
    {
      "filePath": "/Worklist/webapp/test/testsuite.qunit.html",
      "previewMode": 1,
      "dataMode": 1,
      "workspace": "withoutWorkspace",
      "ui5ActiveVersion": "snapshot",
      "ui5VerSource": null,
      "isDefaultVersion": 1,
      "urlParameters": [
        {
          "paramName": "",
          "paramValue": "",
          "paramActive": false
        },
        {
          "paramName": "",
          "paramValue": "",
          "paramActive": false
        }
      ],
      "hashParameter": "",
      "_metadata": {
        "id": "8696095",
        "runnerId": "webapprunner",
        "displayName": "Test Suite (Unit, OPA)"
      }
    }
  ]
}